Id,"Nombre de r√©ponse","Nombre de like",Date,Auteur,Texte,"R√©pond √†"
Ugx9sMSGcIb50w51Xbd4AaABAg,13,117,2022-05-12,"L√©o - TechMaker","Je vais faire un pr√™t pour subvenir √† mes besoins pliants"
Ugx9sMSGcIb50w51Xbd4AaABAg.9awG27Vqg7J9awwx9GDSgl,,2,2022-05-12,chiclure,"Je trouve ca trop ch√®re et trop gadget de plus il aurais fall√ªt investir plus dans une vrais innovation don la taille de l'√©cran ne pose pas de probl√®me voir disparais pour de la projection ou ultra mince et flexible qui fait tout le tour du pognait comme un bracelet personnalisable car le pliable ce nais pas p√©renne dans le temps cars l'usure va avoir toujours un avantage sur le la durabilit√© du mat√©rielle telle comme on plie une plaque de m√©tal plusieurs foie elle fini toujours par ce couper en deux! Ces ultra compliquer de m√©langer duret√© et flexibilit√© si ces dur ces pas flexible si ces flexible ces pas dur!",Ugx9sMSGcIb50w51Xbd4AaABAg
Ugx9sMSGcIb50w51Xbd4AaABAg.9awG27Vqg7J9awkk_T7oKH,,0,2022-05-12,"Ricardo Correia","J'attends le honor v moi voir qu'est que √ßa donne üòä",Ugx9sMSGcIb50w51Xbd4AaABAg
Ugx9sMSGcIb50w51Xbd4AaABAg.9awG27Vqg7J9awPgIEV5hj,,0,2022-05-12,Farley640,"Pour ton cas ou ton fold ne s'ouvre pas completement, essaye de l'aspirer un coup pli√© et ferm√© plusieurs fois, reste a voir i ca marche :)",Ugx9sMSGcIb50w51Xbd4AaABAg
Ugx9sMSGcIb50w51Xbd4AaABAg.9awG27Vqg7J9awMYRnHAsG,,0,2022-05-12,"Gabriel Leclerc","Arr√™te de payer √† clash royale et t'auras d√©j√† un petit pactole üòÇ",Ugx9sMSGcIb50w51Xbd4AaABAg
Ugx9sMSGcIb50w51Xbd4AaABAg.9awG27Vqg7J9awInDuA3y7,,0,2022-05-12,"Dark Arrows","M'ouais, je crois que tu devrais üòÖ",Ugx9sMSGcIb50w51Xbd4AaABAg
Ugw1vvhwLIHR_KZ90A14AaABAg,0,0,2022-05-13,"seb et laulau","Samsung √† essuyer les pl√¢tre et maintenant √ßa marche tr√®s bien ont attend la concurrence üòÇüòÇ"
UgzZx4YuhH9pu3Lie2N4AaABAg,0,0,2022-05-13,Ryuus,"Pour l'instant les t√©l√©phones pliables ne m'attirent pas du tout.
J'attend le marketing pour devenir un pigeon"
Ugx9GQm77mlGiFJCLfB4AaABAg,0,0,2022-05-13,"Math Daniel's","Les surcouches Android ont toujours √©t√© un calvaires pour les utilisateurs. Je suis passe chez OnePlus il y a 5 ans, jamais je ne changerai juste pour ce confort √©pur√©."
UgwUDQZZAa3kC7_nA2B4AaABAg,0,0,2022-05-13,"Danny Shady","Trop gadgets pour moi et surtout que je risque de le briser trop vite üòÇ mes je vois pas tant l'int√©r√™t du pliable ces pt pour sa"
UgwuWjgIk9pEYHJIHaR4AaABAg,0,0,2022-05-13,"Krulcifer Einfolk","Alors si ton t√©l√©phone a des probl√®mes c ta faute paske depuis que je l ai 0 √©gratignures"
UgwgnTF9sfxGv-xD3MJ4AaABAg,0,0,2022-05-13,"Anthony Drakoshen","Le coup du t√©l√©phone pliable c'est comme les t√©l√©phones sans le rond de l'appareil photo dans la barre : la plus part des applications ne sont pas pens√©es pour

Je dis la plus part sur l'enti√®ret√© du play store et bien √©videmment que les applications avec des gros noms sont moins probl√©matiques"
UgxgMu02R_LxTuRrFZh4AaABAg,0,0,2022-05-13,"All Motors Glory","c'est int√©ressant et aimant presque tout ce qui est high tech et r√©cent (""presque"" car j'ai horreur des voitures √©lectriques, je pr√©f√®re les nouveaux moteurs thermiques). Perso sa me tente, mais comme je n'ai pas 1500 ou 2000 ‚Ç¨ √† d√©penser dans un smartphone, je pense que je resterai sur du classique jusqu'√† ce que le prix baisse en dessous des 1000 ‚Ç¨. Mais perso je pense que c'est le futur, en plus toi et moi qui avons grandi avec les t√©l√©phone √† clap√© en primaire coll√®ge, sa rappelle de bon souvenir et je trouve √ßa tr√®s cool !"
Ugyy3h5bzepisSMx_Sl4AaABAg,0,0,2022-05-13,"Mickael Pfalz","Comme tu le dis si bien, le cot√© cupide des constructeurs ferra passer une fois de plus Apple pour des ""r√©volutionnaires""... J'ai d'ailleurs √©t√© trop d√©√ßu de Samsung avec des probl√®mes a la cha√Ænes, je suis clairement plus satisfais de mon Google PIXEL 6 avec son interface sobre et fluide et surtout sans fioriture ni pub ! ‚ù§"
Ugwep2L96cZ2WpHGqqZ4AaABAg,0,0,2022-05-13,"MA KI","j'ai sorti une video sur le Zfold2 sur ma chaine pour donner mon avis si ca t'int√©resse. je l'utilise au quotidien √©galement et il y a de bons et de mauvais c√¥t√©s. Est ce vraiment le turfu ?"
UgzXL6T2RKcY984saOR4AaABAg,0,0,2022-05-13,"Shawn Gauthier","Moi j'ai un LG G8X thinq 
Dual Screen. Ce n'est pas r√©ellement du pliable, mais je ne peux plus m'en passer."
UgwRLn3g6WKmnJ2_dnJ4AaABAg,0,0,2022-05-13,"Futynoz _ 6433","Je suis pas trop d'accord avec tout se que tu dit dans ta video moi jai le z fold 2 depuis plus 1 ans et pour le moment jai pas les protections qui se barre le plian et bien droit sais juste que on a sa fa√ßon de entretenir son smartphone et les aplication il faut regarder dans les param√®tres du tel car moi jai tout en plein √©cran (Instagram marche nickel pour moi et cr√©dit agricole aussi lol) sinon super video"
Ugy7Yvop9a9n1MJ1jgB4AaABAg,0,0,2022-05-13,Zimox,"Moi je pense c'est le futur des smartphones et je pense c'est la fin des tablettes (puisque sinon ca va faire bizarre un smartphone qui fait mini tablettes et un ordinateur portable qui fait grande tablettes , la tablette classique aura plus d'utilit√© a part un produit de plus a achet√©)"
UgzgNbNXma8sh_-jaWV4AaABAg,0,0,2022-05-13,"Xelloss Metallium","Pour moi le meilleur pliable est le LG g8x thinq dual screen, les autres... comment dire...

Le portrait... autant je ne suis pas d'accord avec toutes les d√©cisions de Samsung, autant je b√©nie le fait qu'ils forcent ces d√©biles d'utilisateurs √† utiliser le paysage
Peut √™tre trouvez vous les vid√©os verticales cool, mais moi pas !"
UgxfgseG2EqiBZZBi9p4AaABAg,0,0,2022-05-13,"HRudyPlayZ - Ma√Ætre Panda","Perso je pense garder mon S8 encore quelques ann√©es de plus. Les t√©l√©phones r√©cents n'ont pas beaucoup √©volu√© ces 5 derni√®res ann√©es. Mon S8 est root√© sur une ROM sous Android 10, il a une prise jack, un capteur d'iris etc. Tr√®s bon tel qui reste haut de gamme par ses performances et sa qualit√©.

La seule vraie innovation a √©t√© justement le pliable, sauf que, les d√©savantages sont beaucoup plus nombreux que les avantages pour l'instant, je perdrait ma prise jack donc je passerais sur un son syst√©matiquement moins bon, le capteur d'iris en moins √©galement et donc une s√©curit√© plus simple √† tromper par la cam√©ra, un t√©l√©phone bien plus fragile etc pour seulement avoir un √©cran dans un format chelou qui sera certes plus grand mais bien moins confortable que ma tablette et des meilleurs selfies qui, honn√™tement, me motivent pas vraiment vu que j'en fais rarement."
UgxtHd2zEC11ID7B3od4AaABAg,0,0,2022-05-13,David,"C‚Äôest quand que tu fais un truc pour t‚Äôes cheveux ?"
UgzNB1emkTo4Kb8aKi54AaABAg,0,0,2022-05-13,"Emmanuel Bouillon","2000‚Ç¨ le t√©l√©phone üòÖ Je reprendrais un pixel, plut√¥t, quand je changerais de t√©l√©phone..."
UgxhOEVj1rvmiSdpKNV4AaABAg,0,0,2022-05-13,Nelriss,"J'ai aussi le fold 3 , abuse pas tu dois vraiment pas prendre soin de tes affaire , d√©j√† la gueule entre ton t√©l√©phone et le mien mdrr a part la poussi√®re de la pliure j'ai aucun de tes probl√®me , l√©g√®rement les probl√®me de plein √©cran mais pas d√©rangeant , par contre la rayure dans la pliure ta forcer prend soin de tes affaires aussi"
UgxSxCBZngWt4GcPmR94AaABAg,0,0,2022-05-13,Nicolas,"G√©nial... Une innovation qui marche mal... √ßa fait vraiment envie... Une innovation doit servir un usage, une innovation qui sort ""parcequ'on peut le faire"" est tr√®s souvent vou√©e √† l'√©chec... De plus ca reste des nouveaut√©s qui sont factur√©s √† prix d'or, √† un moment faut savoir se montrer raisonnable un t√©l√©phone aussi smart qu'il puisse etre ne devrait jamais couter plus de 800‚Ç¨, on est dans une inflation ind√©cente √† mon sens !"
Ugxvy3CHuEK9pT--lkJ4AaABAg,0,0,2022-05-13,"Helvete X0ne","Sympathique cette vid√©o... De mon c√¥t√© mon Fold 3 ne pr√©sente pas tous ses petits soucis et je l'ai depuis √ßa sortie en septembre 2021."
UgzytpAphzNNv6CZ3_Z4AaABAg,0,0,2022-05-13,Blounis,"Ca fais depuis la sortie que j'ai le z fold 3 . Et je n'ai rien de y reprocher."
UgwapzveXxsjkdRVxtN4AaABAg,0,0,2022-05-13,"Nightwalker Krys","Je kiffe ma race mon zfold 2, le seul point noir c'est le poids, mais regarder Netflix, jouer a tout les jeux mobiles next gen c'est trop ouf! et la pliure pas de pb."
UgwNu-7hffPbrl0Bjkt4AaABAg,0,0,2022-05-13,"Guillaume Ty","Consomme et tais toi !,  n'oublie pas ta 4√®me dose,  un t√©l√©phone pliant offert mdr"
UgyxyEIhrpjwCE0z2CN4AaABAg,0,0,2022-05-13,"LE BLACKBIRD ( Feyri )",https://youtu.be/X8Os2fGdykM
Ugz4ZCbhhz81OyCdvIV4AaABAg,0,0,2022-05-13,"Meka teknik","A force de plier et plier je vous laisse imaginer la suite... y a pas besoin d etre super intelligent. 
Si meme malgr√© ca vous trouvez toujours pas. Prenez un bout de plastique fin pliez le des centaines de fois et vous verrez..."
UgxpgEN4lH3bIwQceMJ4AaABAg,0,1,2022-05-13,"Bernard Henri","pour ma part j ai prix le mix flod, a part les vell√©it√©s d android , il est super et 4 hp...le pied pour les s√©ries"
UgzCrCw-GsHWJcsKdZ54AaABAg,0,1,2022-05-13,Tarlor92,"J'h√©sitais √† m'acheter le fold 3, et apr√®s avoir vu ta vid√©o j'ai d√©cid√© d'attendre un peu que ce marche √©volue encore car c'est un prix assez cons√©quent pour un portable qui peut apparement encore √™tre bien am√©lior√©, surtout que je suis du type √† garder mes t√©l√©phones longtemps"
UgwKspxCYpwNpBjOoil4AaABAg,0,0,2022-05-13,"Kaneki Ken","Moi j'ai toujours mon z fold 2 il et super rien √† dire"
Ugy86v9m7XwdL1Q_lvR4AaABAg,0,0,2022-05-13,"Alessandro Hottois","trop cher"
UgwC3Oq01Lbt0DT000t4AaABAg,0,0,2022-05-13,"Norrig Whitewolf","Nop pas du tout tenter je me porte tres bien avec du classique. Et pour moi deux probleme encore pour le moment. Telephone trop chere et j'aime pas l'aspect plastique sous le doigt au niveau de la pliure j'aime bien la sensation du verre."
Ugya_mtY1adgj5ggbgV4AaABAg,0,2,2022-05-13,"Gorn Gaos","Merci pour le debrief sur votre exp√©rience avec ce smartphone. Pour moi qui ne peux que d√©penser pas plus 150‚Ç¨ tous les 5 ans, on va encore attendre üòÖ"
UgzZ1BqGC-Tp1UsRGC94AaABAg,0,3,2022-05-13,"charles mercier","Perso j'ai le z flip 3, et malgr√© la batterie il est incroyable et honn√™tement comme √† dit Leo dans √ßa vid√©o je ne pourrais pas repasser √† du non pliable"
Ugxt-TMPun16MY-HBh14AaABAg,0,0,2022-05-13,"T M","C'est hors de prix!! et de toutes mani√®res, un t√©l√©phone devrait servir √† t√©l√©phoner, ...lol donc on doit pouvoir vivre sans ce gadget qui comme il est inutile devient indispensable!!!"
Ugz4rsjWiiKLW2ew-JB4AaABAg,0,0,2022-05-13,ZhugeCyr,"Si √ßa tient 2ans c'est d√©j√† bien c'est la dur√©e de vie des batteries de tel en g√©n√©ral üòÖ avant de devenir faiblarde"
UgzKRr8shogMlTwKNQF4AaABAg,0,0,2022-05-13,"R√©mi rb","ptdr Apple pire truc au monde, aucune libert√© dans l'exp√©rience utilisateur üòÖüòÖüòÖ"
UgxO9F6Sk8jpvqxH-Ep4AaABAg,0,0,2022-05-13,"Zarudo Davis","√âtant utilisateur du fold 3 la format de l'√©cran ext√©rieur et justement le meilleur je peux le tenir √† une main et utiliser mon smartphone sans gymnastique avec le tel et moi je pourrais pas retourner sur du smartphone basique"
Ugx0v0E3hz0KcRreQ1h4AaABAg,0,1,2022-05-13,Besquef,"Mettre 1800 euros dans un gadget qui s'use au bout d'un an Bof bof. perso je suis pas du genre √† jet√©e l'argent par les fen√™tres."
Ugy2WlTNs4-SjL2pIRN4AaABAg,0,0,2022-05-13,"Fuckthe20-21s [FRANCE]","Ouch ! Pas demain la veille que j'aurais un smartphone pliable et en plus il y a le prix !"
Ugy_V2Ipw8PCRoUwK-N4AaABAg,0,1,2022-05-13,"Friday Californiaa","√Ä part pour les Jean-K√©vin assoif√©s de hype ou les patrons d'entreprise z√©l√©s, j'ai jamais trouv√© √† quoi pouvait bien servir ce truc. Un gadget pour faire tourner le commerce, quoi..."
UgxS5q7OB3PsNdu-Tm14AaABAg,0,0,2022-05-13,Meeuj,"Tu mets tes doigts dans la prise pour te coiffer ? üòâ‚ò∫Ô∏è"
Ugy1nTLwflZPorAgv_R4AaABAg,0,0,2022-05-13,"Diaku Panzu","Joueurs de m√©ga chevalier comment tu fais pour dormir la nuit"
UgzbVePK4PgnHblvpvV4AaABAg,0,0,2022-05-13,somthings,"250er commentaire"
UgwuDS31keySmmTWQbZ4AaABAg,0,0,2022-05-13,somthings,"tros bien continue tu g√®re"
UgyomYWyuUamVvLp5Jt4AaABAg,0,0,2022-05-13,"MOUEZ GALLOUZI","Bonjour !.en ce qui me concerne, c'est le prix de cette gamme de smartphones qui me freine pour leurs achats !, √† moins de souscrire √† un cr√©dit !üëçüëçüëçüëç"
UgwGmm6NPYYMExtr0w94AaABAg,0,0,2022-05-13,"R√©mi Schmit","Attention je crois que tu as mis les doigts dans la prise"
UgwzHOXG_SwL4vfSc5p4AaABAg,0,0,2022-05-13,"PasseMwa LeGlock","J'avais envie, gr√¢ce √† cette vid√©o j'ai √©conomis√© 1000 balles. Cimer L√©o üëç"
UgyCx1Xnq4l4S_3wR614AaABAg,0,0,2022-05-13,KinGkPooP,"gadget trop chere"
UgyamfBMMkNZb5WktBl4AaABAg,0,0,2022-05-13,Akizumi,"Sa fait 4 mois que j'ai le Z Fold 3 et vraiment c'est pas du TOUT ergonomique j'ai que des probl√®mes et pardon au grand L√©o mais andro√Øde c'est vraiment pas bien compar√© √† IOS qui et 8x plus ergonomique et stable"
UgwJlpQiHtsuukqih0Z4AaABAg,0,0,2022-05-13,"Madinina Free","On ne va pas se le cacher en ce moment le seul int√©r√™t que je trouve √† un smartphone pliable en ce moment c'est l'esth√©tique lol aucun int√©r√™t pour le prix qu'il co√ªte"
UgzKCM7Wj2Yl0aFnTAN4AaABAg,2,3,2022-05-13,LoodMan,"Le film int√©rieur tu peux le retirer SANS aucun soucis ! Je l'ai fait avec mon 2 et 3 apr√®s quelques mois et jamais eu de soucis ! Le touch√© est d'ailleurs BIEN plus agr√©able üí•"
UgzKCM7Wj2Yl0aFnTAN4AaABAg.9axELwB5kwr9ayCWishzKF,,1,2022-05-13,LoodMan,"@Damien Bernard Comme un film classique ! S‚Äôen est un d‚Äôailleurs ! Ce n‚Äôest pas le fameux film comme sur le 1er qui servait de mapeur tactile ! Celui l√† c‚Äôest juste un film protecteur et une fois retir√© on a bien plus l‚Äôimpression de toucher une vitre. Bien plus agr√©able a l‚Äôutilisation",UgzKCM7Wj2Yl0aFnTAN4AaABAg
UgzKCM7Wj2Yl0aFnTAN4AaABAg.9axELwB5kwr9ay9qq8l92W,,1,2022-05-13,"Damien Bernard","Il se retire facilement ? car le mien la m√™me niveau pliure il comment a faire une ""bulle""",UgzKCM7Wj2Yl0aFnTAN4AaABAg
Ugy9rGnxOjqR2-TTHwZ4AaABAg,0,0,2022-05-13,mactep,incroyable
Ugy9squK8QUaGiWlJgV4AaABAg,0,0,2022-05-13,Edward,"si apple fait un iphone pliable je me debarasse de mon iphone 12 pro lol"
UgwDkIIvHEwgg5tmYJN4AaABAg,0,0,2022-05-13,Whatthefuck1232,"Je ne trouve pas le pliable tr√®s attractif. Cet entre deux est assez d√©rangeant. C‚Äôest un smartphone qui peut se d√©doubler. Le c√¥t√© plastique + la charni√®re qui attrape tout ce qui passe dans le coin + la non optimisation des applications, sont des √©l√©ments qui sont assez p√©nibles. De plus moi qui suis sur l‚Äô√©cosyst√®me Apple, ce n‚Äôest actuellement pas int√©ressant pour moi vu que tout les pliables sont chez android. J‚Äôai un iPhone 10 et quand je veux aller sur du plus grand je vais sur mon iPad 12,9¬†pouces en miniled et le confort c‚Äôest quand m√™me quelque chose du c√¥t√© d‚ÄôApple. Je pense que quand ils vont sortir quelque chose du genre, √ßa va √™tre clean. Mais pour √ßa, la technologie devra avoir au minimum 3 √† 5 ans de maturit√© suppl√©mentaires pour √™tre int√©ressante. C‚Äôest beaucoup trop t√¥t pour le pliable."
UgwLccmkVLbrCL9YyEp4AaABAg,0,0,2022-05-13,HardStephou,"Perso j'ai un smartphone et une tablette, pour la moiti√© du prix, et surtout pour 2 usages diff√©rents, je ne me vois pas tout faire sur un seul appareil au d√©triment du prix de l'ergonomie et de la fragilit√©"
UgwRKiL5eqabqIsCNxJ4AaABAg,0,1,2022-05-13,"Maxence Bolzten","Vivement le smartphone virtuel directement dans le cerveau üòà"
Ugzp9XlaqVWWdZk__q14AaABAg,0,0,2022-05-13,"Richard Julien","Le pliable? Hmm....du moment que mon t√©l√©phone me permet de t√©l√©phoner, lire des webtoons, et regarder YT...plus un peu de jeux... Pas besoin d'un mod√®le pliant pour moi donc XD"
UgyJAcur27mH0RYBVSN4AaABAg,0,0,2022-05-13,"mathieu zmrn","Deck de raciste"
UgzWfHLsuXlY7u2j4EN4AaABAg,0,0,2022-05-13,"El Lekam","Hahaha fuck YouTube premium  2:30"
UgxKEwAIL-EG5qkUJCx4AaABAg,1,1,2022-05-13,"Wal Does","Cool vid√©o mais ya bien trop d'erreurs dans cette vid√©o comme la protection sur l'√©cran pliable : NON l'√©cran se casse pas si tu l'enl√®ves, ou les capteurs photo ne sont pas du tout ceux du S10 mais ceux des S21 ou encore les UI propri√©taires qui ""entachent"" l'exp√©rience et l'utilisation d'un format comme celui-ci... Et bien NON, c'est le contraire encore une fois : Samsung fait absolument tout ce que Google devrait normalement faire et donc rattrappe tr√®s bien ce c√¥t√© experience utilisateur !!!!"
UgwJY-p6aaADj_RZaMB4AaABAg,0,0,2022-05-12,KaL√πx,"sa pousse a la salle ou je reve ?"
UgwQDzywXk3Y2_PzP2R4AaABAg,0,1,2022-05-12,"Hiroki Tsutsui (old)","Vu le prix de la b√™te, sa fragilit√© et surtout ma maladresse, on vas √©viter de jeter + de 1000‚Ç¨ par la fen√™tre hein :')"
UgwZx-JVepL1vdXZpsh4AaABAg,0,0,2022-05-12,f-trt,"moi j attend un ecran qui s enroule ! on deploie le bras, on d√©roule l ecran .... se sera moins sensible l usure."
UgyzEgHIqWj73EgxGOB4AaABAg,0,0,2022-05-12,nicolas,"avoir des infos de quelqu'un qui s'en est servi un certain est tr√®s utile, mais perso bien que je l'utilise majoritairement pour des vid√©os, des rs ou du gaming un peu lourd l'int√©r√™t du pliable pourrait petre bien  si la qualit√© de l'√©cran √©tait assez bonne surtout dans le temps, en attendant je resterai sur rogphone^^"
UgyPrLBRfn1jS_5r6Zh4AaABAg,0,0,2022-05-12,"diallo diogo","I'm ok with my S21 ultra. Surtout apr√©s la mise √† jour de mai 22"
Ugxn31sU0YsL8EUcwcJ4AaABAg,0,1,2022-05-12,„É†„Éº„É≥„É©„Ç§„Çø„Éº,"pour moi je trouve sa plus t√¥t int√©ressant mais j'ai impeu peur de la largeur du t√©l√©phone une fois repli√© üòÑ"
UgymlAsw5JLo4wGPylV4AaABAg,0,0,2022-05-12,Z,"En r√©sum√© le smartphone ¬´¬†classique¬†¬ª a de beaux jours devant lui‚Ä¶"
UgxfrjI7bc4j9u2APTV4AaABAg,0,0,2022-05-12,"C√©dric Buttet","Dix minutes pour nous dire de prendre un S22 Ultra au lieu de cette daube hors de prix. Merci :) A quand les TV Samsung pliable ?"
UgwTZrqxls5MwkzNcJ94AaABAg,0,0,2022-05-12,"Camicas Anthony","Mekka chevalier, int√©ressant... üôÑ"
Ugzl8qQ59Z_cvYCKHel4AaABAg,0,0,2022-05-12,"Lelouch Vi britannia","Pas de panique pour la protection int√©rieur la mienne ces enlev√© et ras au niveau de l'√©cran"
UgxH7uTEa6uRYtC8JXh4AaABAg,0,1,2022-05-12,"Shinra Tensei","Hello, tu as mentionn√© les √©crans enroul√©s, et pas pour tout de suite, je pense que ca ne devrait pas trop tard√© (en chine tout du moins) avec Oppo, j'ai vu son test il y a peu.
Pour l'arriv√©e en Europe, en effet ca peut prendre du temps encore ^^"
Ugz6eyaHK7zd_stij154AaABAg,0,0,2022-05-12,"The ONE","Le t√©l√©phone est immonde"
UgwfQYKg5McXqhL6dkJ4AaABAg,0,1,2022-05-12,"Sheldon Biceps","Comme quoi chaque t√©l√©phone m√™me le m√™me est diff√©rent. Je l'ai depuis la sortie et jamais eu de probl√®me de WIFI, pas de rayure sur la pliure, et aucun des 2 protection d'√©cran ne s'enl√®ve. Ah et il se plie toujours aussi bien. J'ai bien s√ªr mis une coque officiel Samsung et je l'ai jamais fait tomber. C'est peut √™tre √ßa la diff√©rence ;)"
UgyY9JoHzMcjOqQSP2V4AaABAg,0,0,2022-05-12,"Gui Bil","ZFlip3 que j'utilise daily depuis janvier, je kiffe tellement"
UgwxmXJ3ULb9reFODcJ4AaABAg,0,0,2022-05-12,Nobody,"Je suis sur mon one plus 7 pro depui sa sortie, et tout ces nouveaux smartphones me donne cette impression de revenir en arri√®re, comment avec une technologie existante de cam√©ra selfie r√©tractable, on trouve encore le moyen de mettre ces go√ªtes qui viennent entacher le haut des √©crans ü§∑üèª‚Äç‚ôÇÔ∏è"
UgxL11a4i5Sd6tWHivR4AaABAg,0,0,2022-05-12,Zab√®t,"Merci de cette video jattend la fin pour voir si jenprend le galaxy flip avec mo‚Äô forfait haha peut √™tre le seul moyen pour que sa rentre dans mon porte monnaie :')"
UgwS5xL6LdCcJegirsp4AaABAg,0,0,2022-05-12,sebastiennoe3,"Alors... Pour √™tre un utilisateur depuis le fold 1 je ne suis pas d accord sur tout...
1) si les. Application ne sont pas. A bon'e dimension il suffit d aller adapter le ratio dans les param√®tre, instagram par exemple chez moi est en plein √©cran sur mon fold 3 et focntionne √† merveille

2) le. Prix... L √©ternel prix... Prend un iPhone 13.pro max avec 256 de stockage t est pas si √©loign√© d un fold.. Et ce n'est qu u' grand iPhone sans pr√©tention particuli√®re,  alors que le fold avec l'√©cran pliable et l'effet waouh √ßa veut bien le suppl√©ment pour une vitrine technologique....

3) la poussi√®re.. √áa c ezt ton utilisation qui ne conviens pas... Si tu n est pas assez soigneux c ezt ta faut pas celle du t√©l√©phone m√™me si √† comparer √† oppo il aurait pu le faire plat... Mais un coup de microfibre ne serait ce que pour l avoir utiliser partout toute la journ√©e √ßa ne lui fait pas de tord niveau bact√©rie

4) sintu utilis√© beaucoup l ecran externe c ezt que le. Principe du pliable ne te convient pas vraiment ou du moin le format mais pour moi ca reste un point de vue... Perso je n utilise le. Petit √©cran que pour voir les notif ou vraiment si pas possible, vite regarder un truc

5)j ai eu le fold 2 √† sa sortie et je l'ai garder 1 an et demis, il n'a jamais pris l'angle que tu as

6) la protection d √©cran tu peux l enlever et mettre une autre, je les ai d√©j√† changer quelque fois, int√©rieur et ext√©rieur avec un pack d Amazon √† 20e, tu avais 3 protections interne et externe, avec tout ce qu il faut pour poser donc aucun probl√®me... Il y a une 2 √®me couche e' dessous que celle l√† tu ne peux absolument pas bouger :) 

Mais parlons quant m√™me de point ""n√©gatif"" qui n ont pas sp√©cialement √©t√© cit√©

1 √©cran externe 120hz accessoire
2 une recharge rapide anecdotique de 25w... Quant oppo te sort 120w sur le find x 3 pro sorti dans les m√™mes eaux, c ezt du foutage de gueule et en plus tu dois l acheter √† part car dans la bo√Æte t a le tel, un c√¢ble et le reste, touche toi....
3) batterie plus petite et moin v√©loce que sur le fold 2


Pour le reste tout √† √©t√© dit :) bonne continuation ;)"
UgzRUZTLURXtS_pTji54AaABAg,0,0,2022-05-12,"ludovic vasseur","trop cher je prefere une tablette"
Ugy8Si972NloYynWWn94AaABAg,0,0,2022-05-12,"Elkacem Hadri","Malheureusement le prix m‚Äôa refroidi. Sa peut √™tre une technologie r√©volutionnaire surtout pour les personnes en situation de handicap,"
UgzxVBcTte5WGozsF2t4AaABAg,0,3,2022-05-12,"Olive Pti Rui","Je suis tr√®s tent√©e par le Z flip 3 (ou suivant) car le c√¥t√© petit format est super pratique je trouve..."
UgyoDzSt4OOG83CohKl4AaABAg,0,0,2022-05-12,"R√©mi Milette-Duchesne","Il est probable que j'aille me chercher le Fold 4 √† sa sortie pour remplacer mon Note 20 Ultra 5G avec 12go de ram que j'ai pay√© 1500$CAD (1100EUR) √† sa sortie. C'est un outil de travail, donc une source de revenu et la fiabilit√© et tr√®s importante..."
UgxsjZVfXCJrFlRBDrt4AaABAg,0,0,2022-05-12,Romain,"Moi j‚Äôattend qu‚Äôil soit r√©sistant a la poussi√®re pour √©vit√© le probl√®me de la charni√®re qui se plie mal avec le temps"
UgyAF8RP981fyLej5ml4AaABAg,0,0,2022-05-12,"BigMacOsaurus Rex","Le Oppo Find N me para√Æt √™tre le pliable parfait, mais pas dispo pour nous. üò≠"
UgzHdmuV5OliBOXAW0p4AaABAg,0,1,2022-05-12,Donkey,"1800/2200‚Ç¨ pour un smartphone o√π 90% des applications ne fonctionne pas de fa√ßon native.... Faut soit avoir de l'argent √† jet√© par les fen√™tres soit √™tre extr√™mement superficielle ( la 2eme solution la plus part du temps)"
UgzS8ysyJK8eirEFktJ4AaABAg,0,2,2022-05-12,NaeZax,"Le Z flip  3 me rappel un peu ma gba mais je pr√©f√®re le design des Oppo, dans tous les cas j'ai pas l'utilit√© d'un pliable au quotidien pour l'instant
Je vais continuer de suivre √ßa de loin y'a un potentiel"
Ugwq-MzNd8Z7C7QBYld4AaABAg,0,0,2022-05-12,"Bryan Renard","Vous me faites rire tout ceux qui parlent qu'une tablette et un smartphone c'est moins cher..
La tablette rentre pas dans une poche.."
UgyiVRza_XWhV_WiLjt4AaABAg,0,0,2022-05-12,"Mathias Lavall√©e","Moi ausi j'ai un ""smartphone pliable"" il sagi du LG v60 mais le 2er √©cran et uniquement une coque donc c une belle alternative pour c'eux qui on peure de faire le pa"
Ugy43CvNtGuiLKJ_uXp4AaABAg,0,1,2022-05-12,"FF Fan","Je suis pas du tout d'accord avec toi sur l'interface utilisateur, je te conseille d'installer Good Lock, √ßa te changera la vie... üòâ"
Ugw-8-Sn3Cf-IwLlNc54AaABAg,0,0,2022-05-12,supermanjoke1,"W 5200 troph√©s clash royale"
Ugyxv_EyoI3-h5mUtxJ4AaABAg,0,0,2022-05-12,"Mikado 95","Jpense vraiment que ton tel a un bug c'est pas possible ! C'est quoi ce truc sur insta ? Moi √ßa marche nickel ! Et tu peux forcer insta (et n'importe quel applis et √ßa marche quasiment toujours) avec le format du telephone pour ne pas avoir les bordures, et √ßa marche tr√®s bien ! Et niveau vitre j'ai absolument rien, m√™me pas une rayure, marque ou l'√©cran qui se barre ! (en m√™me temps j'aurais √ßa je suerais du cul la ! Jl'ai eu a 1200 avec les reducs et reprises alors 1 an et l'√©cran me fait √ßa je pete un cable ! Perso pas de probl√®me d'ouverture/fermeture, tout est niquel :D J'ai pris la coque ou tu peux mettre le Spen derri√®re pour les dessins :D Perso jsuis pas d'accord sur le fait de l'utiliser que sur le petit √©cran, dehors, sauf pour voir l'heur, je l'ouvre H24 xD √ßa prend 1 sec aussi. Et on s'habitue m√™me √† √©crire les messages sur le petit √©cran ! Perso pas de poussi√®re avec ma coque (meme en enlevant la coque, j en ai pas plus qu'un tel normal). Avec plus de 200 applis, je n'ai pas eu de probleme de format (comme le credit mutuel qui force l'horizontal), √† part l'appli Govee ou quand tu forces le ratio c'est un chouille trop grand (mais en vrai √ßa va)... et Wild Rift ! Vu qu on perd un peu de vision √† l horizontal (moi qui pensait avoir un avantage avec le fold sur ce jeu ^^) mais √ßa n'empeche pas d etre diamant mais c'est chiant en vrai, seul gros d√©faut je trouve pour moi. Et... Walpaper engine (t√©l√©chargez le bordel !) qui en changeant d'√©cran trop vite et l'arri√®re plan devient noir jusqu au prochain d√©verrouillage. Mais franchement √ßa passe :D"
Ugy0JbXYhtOdw11YEWR4AaABAg,0,1,2022-05-12,"Vox Populi","Bon en r√©sumer :
c'est bcp trop cher
c'est pas solide
les utilit√©s suppl√©mentaire sont ""gadget""
sa demande bcp plus de matos a la construction pour une dur√©e de vie inf√©rieur
Ha ouiouioui c'est belle et bien de la merde !"
Ugw_tnHH0P0Fl99hWkt4AaABAg,2,1,2022-05-12,"Yue Dryf","Personnellement si apple sort un smartphone pliant je l'ach√®terai directement üòç J'ai tellement eu de probl√®me avec samsung que je n'y reviendrai pas üòÖ"
Ugw_tnHH0P0Fl99hWkt4AaABAg.9awlCKYJULH9ay21sw7_EO,,0,2022-05-13,"Yue Dryf","@yuyanne G √ßa c'est compl√®tement impossible √† pr√©voir c'est clair qu'a 2800‚Ç¨ je passerais tr√®s certainement mon tour mais √ßa d√©pendra des fonctions et de mes besoins",Ugw_tnHH0P0Fl99hWkt4AaABAg
Ugw_tnHH0P0Fl99hWkt4AaABAg.9awlCKYJULH9axjxzyz124,,0,2022-05-13,"yuyanne G","si apple sort un pliable ca sera 2500 voire 2800 euros mini...deja que passer un smic sur  un tel, ben faut etrr deter (meme si certains peuvent se le permettre) mais en passer 2..",Ugw_tnHH0P0Fl99hWkt4AaABAg
Ugxh60_iW6Opev4X_XV4AaABAg,0,0,2022-05-12,Snooze_v,"C'est quand m√™me dingue, autant je vois des gens comme toi qui ont beaucoup de probl√®mes hardware, alors que j'en ai aucun depuis la sortie du Z Fold 3 et pourtant je fais du VTT de descente avec la b√™te dans la poche! 
En revanche niveau logiciel üò¨ va falloir que certains se sortent les doigts du cul niveau d√©veloppement ! Insta est juste inutilisable √©cran ouvert et pas mal d'applications freezent ou se ferment si on les utilise en multitache üôÑ

Le stylet en revanche, j'utilise le Spen pro, et m√™me si je ne l'ai pas h24, pour faire du montage vid√©o ou photo rapidement, c'est assez pratique, m√™me si loin d'√™tre optimal puisque je ne l'ai pas directement sans le smartphone et donc avec moi partoutü§î

Cela dit, comme toi, impossible de revenir au smartphone plus classique, je me sens trop... limit√©"
Ugw3rYDYGtjMLyrLU754AaABAg,0,0,2022-05-12,"Matt√©o Gauthier","J hesite vraiment mais je pense attendre le fold 5"
UgzSifQ4vtKQMqYZz6N4AaABAg,0,0,2022-05-12,"Lait aux nards","Ca fait 5 mois que j'ai mon flip 3 et j'ai des grosses marques dans la pliure sur l'√©cran de protection"
Ugy1IrsLVf6rkMNsA414AaABAg,0,0,2022-05-12,"lasvegas cc","Depuis quelque moi jai le zflip3 il est genial mais batterie nul tien pas et lecrans prend la poussiere beaucoup"
UgxUtALAiPnao0EGzg54AaABAg,0,0,2022-05-12,"Le Manchot Empereur","Je vois pas l'int√©r√™t du pliable. Tant que les probl√®mes que tu a √©num√©rer ne seront pas corrig√© (surtout le prix), je ne passerait pas sur un format pliable."
UgyVNku_Ybqj7gvwo2N4AaABAg,0,1,2022-05-12,Whitedream,"3 mois que mon Z Flip3 est √† moi, je suis pas super satisfait de la batterie, il chauffe √©norm√©ment lors des partages des connexion, mais ce qui me fait le plus peur, c'est l'usure de l'√©cran, ce dont tu as parl√© au d√©but, je ne sais pas ce qu'il va se passer mais pour l'instant je suis plut√¥t satisfait"
Ugyj83vL-FQ1tCVLWuB4AaABAg,0,0,2022-05-12,MICHAUXXX,"Pouce bleu pour le Tshirt du Duke !  üòÅ Sinon vu le temps que moi je garde mes t√©l√©phones, je devrais changer trop souvent les pliables donc c'est mort!"
UgwuSwwpcaj1p9tmI7x4AaABAg,0,1,2022-05-12,"Justine G.","Moi et mon Iphone 6S qui f√™te cette ann√©e ses 7 ans √† mes c√¥t√©s, et qui roule encore nickel. Ahlala... A aucun moment j'investis dans un pliable, un format classique me convient tr√®s bien"
